-- MySQL Administrator dump 1.4
--
-- ------------------------------------------------------
-- Server version	5.1.22-rc-community


/*!40101 SET @OLD_CHARACTER_SET_CLIENT=@@CHARACTER_SET_CLIENT */;
/*!40101 SET @OLD_CHARACTER_SET_RESULTS=@@CHARACTER_SET_RESULTS */;
/*!40101 SET @OLD_COLLATION_CONNECTION=@@COLLATION_CONNECTION */;
/*!40101 SET NAMES utf8 */;

/*!40014 SET @OLD_UNIQUE_CHECKS=@@UNIQUE_CHECKS, UNIQUE_CHECKS=0 */;
/*!40014 SET @OLD_FOREIGN_KEY_CHECKS=@@FOREIGN_KEY_CHECKS, FOREIGN_KEY_CHECKS=0 */;
/*!40101 SET @OLD_SQL_MODE=@@SQL_MODE, SQL_MODE='NO_AUTO_VALUE_ON_ZERO' */;


--
-- Create schema plantv
--

CREATE DATABASE IF NOT EXISTS plantv;
USE plantv;

--
-- Definition of table `bestel`
--

DROP TABLE IF EXISTS `bestel`;
CREATE TABLE `bestel` (
  `BESTELNR` varchar(4) DEFAULT NULL,
  `LEV_CODE` varchar(3) DEFAULT NULL,
  `B_DATUM` datetime DEFAULT NULL,
  `L_DATUM` datetime DEFAULT NULL,
  `BEDRAG` double(15,5) DEFAULT NULL,
  KEY `LEV_CODE` (`LEV_CODE`)
) ENGINE=InnoDB DEFAULT CHARSET=latin1;

--
-- Dumping data for table `bestel`
--

/*!40000 ALTER TABLE `bestel` DISABLE KEYS */;
INSERT INTO `bestel` (`BESTELNR`,`LEV_CODE`,`B_DATUM`,`L_DATUM`,`BEDRAG`) VALUES 
 ('0121','013','1999-01-17 00:00:00','1999-01-31 00:00:00',590.45000),
 ('0174','004','1999-02-25 00:00:00','1999-03-04 00:00:00',117.50000),
 ('0175','004','1999-02-27 00:00:00','1999-03-06 00:00:00',395.51000),
 ('0181','009','1999-03-06 00:00:00','1999-03-27 00:00:00',577.22000),
 ('0184','022','1999-03-06 00:00:00','1999-03-16 00:00:00',240.00000),
 ('0186','020','1999-03-11 00:00:00','1999-03-18 00:00:00',414.05000),
 ('0190','014','1999-03-13 00:00:00','1999-03-23 00:00:00',659.84000),
 ('0191','013','1999-03-13 00:00:00','1999-03-27 00:00:00',1211.41000),
 ('0192','035','1999-03-13 00:00:00','1999-03-23 00:00:00',317.52000),
 ('0197','035','1999-03-14 00:00:00','1999-03-23 00:00:00',928.27000),
 ('0200','004','1999-03-14 00:00:00','1999-03-21 00:00:00',72.00000),
 ('0201','004','1999-03-26 00:00:00','1999-04-02 00:00:00',221.25000),
 ('0202','014','1999-03-26 00:00:00','1999-04-05 00:00:00',530.43000),
 ('0203','019','1999-04-01 00:00:00','1999-04-15 00:00:00',556.60000),
 ('0204','034','1999-04-01 00:00:00','1999-04-15 00:00:00',492.53000);
/*!40000 ALTER TABLE `bestel` ENABLE KEYS */;


--
-- Definition of table `bestreg`
--

DROP TABLE IF EXISTS `bestreg`;
CREATE TABLE `bestreg` (
  `BESTELNR` varchar(4) DEFAULT NULL,
  `ART_LEV` varchar(5) DEFAULT NULL,
  `AANTAL` double(15,5) DEFAULT NULL,
  `BEST_PR` double(15,5) DEFAULT NULL
) ENGINE=InnoDB DEFAULT CHARSET=latin1;

--
-- Dumping data for table `bestreg`
--

/*!40000 ALTER TABLE `bestreg` DISABLE KEYS */;
INSERT INTO `bestreg` (`BESTELNR`,`ART_LEV`,`AANTAL`,`BEST_PR`) VALUES 
 ('0121','A154',150.00000,0.45000),
 ('0121','B006',150.00000,0.95000),
 ('0121','B111',25.00000,2.25000),
 ('0121','B396',50.00000,1.65000),
 ('0121','E098',50.00000,1.90000),
 ('0121','G202',25.00000,6.35000),
 ('0174','A421',50.00000,1.35000),
 ('0174','B148',25.00000,0.65000),
 ('0174','B331',25.00000,0.70000),
 ('0174','C274',25.00000,0.65000),
 ('0175','A004',50.00000,0.75000),
 ('0175','A075',250.00000,0.25000),
 ('0175','A103',400.00000,0.20000),
 ('0175','A184',50.00000,0.45000),
 ('0175','A385',100.00000,0.40000),
 ('0175','A421',50.00000,0.80000),
 ('0175','B148',50.00000,0.45000),
 ('0175','B331',10.00000,0.45000),
 ('0175','B337',100.00000,0.70000),
 ('0175','C274',25.00000,0.45000),
 ('0175','D225',25.00000,0.35000),
 ('0181','044',10.00000,3.60000),
 ('0181','045',5.00000,7.20000),
 ('0181','099',20.00000,6.05000),
 ('0181','114',3.00000,9.45000),
 ('0181','116',25.00000,15.45000),
 ('0184','E-003',200.00000,1.20000),
 ('0186','162',100.00000,0.65000),
 ('0186','281',100.00000,3.25000),
 ('0186','471',25.00000,1.30000),
 ('0190','001-2',100.00000,1.15000),
 ('0190','103-2',100.00000,1.00000),
 ('0190','118-V',200.00000,1.15000),
 ('0190','209-V',25.00000,1.60000),
 ('0190','255-1',200.00000,0.35000),
 ('0190','263-V',50.00000,1.65000),
 ('0190','281-2',25.00000,0.55000),
 ('0190','393-V',20.00000,1.45000),
 ('0191','A101',100.00000,1.10000),
 ('0191','A103',1000.00000,0.10000),
 ('0191','A154',100.00000,0.50000),
 ('0191','A472',250.00000,0.60000),
 ('0191','B101',50.00000,0.40000),
 ('0191','B111',50.00000,2.15000),
 ('0191','B396',50.00000,1.50000),
 ('0191','B578',10.00000,11.70000),
 ('0191','C051',10.00000,7.55000),
 ('0191','D029',15.00000,6.00000),
 ('0191','D296',10.00000,7.55000),
 ('0191','D742',25.00000,2.95000),
 ('0191','E098',50.00000,1.80000),
 ('0191','G001',25.00000,1.20000),
 ('0191','G430',30.00000,2.75000),
 ('0191','H510',40.00000,1.75000),
 ('0192','ST1P1',100.00000,1.65000),
 ('0192','ST2P1',25.00000,1.35000),
 ('0192','ST3P2',24.00000,5.05000),
 ('0192','ST4P5',12.00000,0.90000),
 ('0197','ST1P9',50.00000,3.75000),
 ('0197','ST2P1',25.00000,1.45000),
 ('0197','ST2P6',50.00000,2.30000),
 ('0197','ST3P1',36.00000,4.85000),
 ('0197','ST4P1',48.00000,8.95000),
 ('0197','ST4P5',24.00000,1.00000),
 ('0200','A004',25.00000,1.25000),
 ('0200','A184',25.00000,0.65000),
 ('0200','B148',25.00000,0.70000),
 ('0200','B331',10.00000,0.70000),
 ('0201','A004',25.00000,1.25000),
 ('0201','A184',25.00000,0.70000),
 ('0201','A385',25.00000,0.70000),
 ('0201','A421',50.00000,1.45000),
 ('0201','B148',25.00000,0.70000),
 ('0201','B331',25.00000,0.75000),
 ('0201','C274',25.00000,0.75000),
 ('0201','D225',50.00000,0.55000),
 ('0202','162-V',75.00000,1.35000),
 ('0202','201-V',25.00000,2.40000),
 ('0202','255-1',150.00000,0.40000),
 ('0202','327-1',150.00000,0.50000),
 ('0202','408-V',100.00000,2.05000),
 ('0202','498-1',100.00000,0.40000),
 ('0203','ALTH',25.00000,1.15000),
 ('0203','CENT',50.00000,1.15000),
 ('0203','CYNO',50.00000,1.40000),
 ('0203','GYPS',25.00000,2.65000),
 ('0203','KNIP',50.00000,2.05000),
 ('0203','LUPI',200.00000,1.40000),
 ('0204','ALTH',50.00000,1.00000),
 ('0204','BEGO',50.00000,0.35000),
 ('0204','CAMP',150.00000,1.55000),
 ('0204','CHEI',50.00000,0.95000),
 ('0204','DELP',100.00000,1.50000),
 ('0206','201-V',10.00000,20.00000);
/*!40000 ALTER TABLE `bestreg` ENABLE KEYS */;


--
-- Definition of table `leveran`
--

DROP TABLE IF EXISTS `leveran`;
CREATE TABLE `leveran` (
  `LEV_CODE` varchar(3) DEFAULT NULL,
  `LEV_NAAM` varchar(20) DEFAULT NULL,
  `ADRES` varchar(25) DEFAULT NULL,
  `WOONPL` varchar(15) DEFAULT NULL,
  KEY `LEV_CODE` (`LEV_CODE`)
) ENGINE=InnoDB DEFAULT CHARSET=latin1;

--
-- Dumping data for table `leveran`
--

/*!40000 ALTER TABLE `leveran` DISABLE KEYS */;
INSERT INTO `leveran` (`LEV_CODE`,`LEV_NAAM`,`ADRES`,`WOONPL`) VALUES 
 ('004','HOVENIER G.H.','ZANDWEG 50','LISSE'),
 ('009','BAUMGARTEN R.','TAKSTRAAT 13','HILLEGOM'),
 ('011','STRUIK BV.','BESSENLAAN 1','LISSE'),
 ('013','SPITMAN EN ZN.','ACHTERTUIN 9','AALSMEER'),
 ('014','DEZAAIER L.J.A.','DE GRONDEN 101','LISSE'),
 ('019','MOOIWEER FA.','VERLENGDE ZOMERSTR. 24','AALSMEER'),
 ('020','BLOEM L.Z.H.W.','LINNAEUSHOF 17','HILLEGOM'),
 ('021','TRA A.','KOELEPLEKSTRAAT 10','LISSE'),
 ('022','ERICA BV.','BERKENWEG 87','HEEMSTEDE'),
 ('034','DE GROENE KAS BV.','GLASWEG 1','AALSMEER'),
 ('035','FLORA BV.','OEVERSTRAAT 76','AALSMEER');
/*!40000 ALTER TABLE `leveran` ENABLE KEYS */;


--
-- Definition of table `offertes`
--

DROP TABLE IF EXISTS `offertes`;
CREATE TABLE `offertes` (
  `LEV_CODE` varchar(3) DEFAULT NULL,
  `ART_LEV` varchar(5) DEFAULT NULL,
  `ART_CODE` varchar(3) DEFAULT NULL,
  `LEV_TIJD` double(15,5) DEFAULT NULL,
  `OFF_PRIJS` double(15,5) DEFAULT NULL,
  KEY `ART_CODE` (`ART_CODE`),
  KEY `LEV_CODE` (`LEV_CODE`)
) ENGINE=InnoDB DEFAULT CHARSET=latin1;

--
-- Dumping data for table `offertes`
--

/*!40000 ALTER TABLE `offertes` DISABLE KEYS */;
INSERT INTO `offertes` (`LEV_CODE`,`ART_LEV`,`ART_CODE`,`LEV_TIJD`,`OFF_PRIJS`) VALUES 
 ('004','A004','036',7.00000,1.10000),
 ('004','A075','426',7.00000,0.35000),
 ('004','A103','157',7.00000,0.30000),
 ('004','A184','478',7.00000,0.60000),
 ('004','A385','095',7.00000,0.60000),
 ('004','A421','455',7.00000,1.20000),
 ('004','B148','380',7.00000,0.60000),
 ('004','B331','102',7.00000,0.60000),
 ('004','B337','074',7.00000,1.10000),
 ('004','C274','470',7.00000,0.60000),
 ('004','D225','434',7.00000,0.50000),
 ('009','002','498',21.00000,2.95000),
 ('009','011','420',21.00000,9.90000),
 ('009','013','195',21.00000,6.55000),
 ('009','014','104',21.00000,7.90000),
 ('009','021','364',21.00000,2.25000),
 ('009','023','408',21.00000,10.15000),
 ('009','024','103',21.00000,7.90000),
 ('009','029','117',21.00000,2.50000),
 ('009','044','257',21.00000,3.40000),
 ('009','045','397',21.00000,6.75000),
 ('009','050','001',21.00000,8.80000),
 ('009','064','393',21.00000,4.30000),
 ('009','078','286',21.00000,10.15000),
 ('009','081','178',21.00000,3.40000),
 ('009','085','471',21.00000,4.50000),
 ('009','091','027',21.00000,7.90000),
 ('009','097','210',21.00000,0.20000),
 ('009','099','362',21.00000,5.65000),
 ('009','103','066',21.00000,6.10000),
 ('009','114','209',21.00000,8.80000),
 ('009','115','281',21.00000,5.65000),
 ('009','116','263',21.00000,14.40000),
 ('009','145','162',21.00000,4.30000),
 ('011','E01R','335',21.00000,2.90000),
 ('011','E05R','365',10.00000,0.80000),
 ('011','E11X','327',10.00000,1.05000),
 ('011','E23W','255',10.00000,1.05000),
 ('011','H09','408',14.00000,11.95000),
 ('011','H10R','001',14.00000,10.35000),
 ('011','H14R','397',14.00000,7.95000),
 ('011','H14W','195',14.00000,7.70000),
 ('011','H17','117',14.00000,2.90000),
 ('011','H19O','103',14.00000,9.30000),
 ('011','H75P','012',14.00000,10.35000),
 ('011','H99G','263',14.00000,16.95000),
 ('013','A002','067',10.00000,1.45000),
 ('013','A101','036',7.00000,1.15000),
 ('013','A103','184',7.00000,0.10000),
 ('013','A154','314',7.00000,0.50000),
 ('013','A230','372',10.00000,1.65000),
 ('013','A395','082',10.00000,2.30000),
 ('013','A472','383',7.00000,0.65000),
 ('013','A520','391',10.00000,1.30000),
 ('013','A677','437',10.00000,1.30000),
 ('013','B006','365',14.00000,1.00000),
 ('013','B024','393',14.00000,6.20000),
 ('013','B101','123',7.00000,0.40000),
 ('013','B111','422',10.00000,2.30000),
 ('013','B396','311',10.00000,1.65000),
 ('013','B578','001',14.00000,12.70000),
 ('013','C051','281',14.00000,8.15000),
 ('013','C119','262',14.00000,6.20000),
 ('013','C243','200',14.00000,11.40000),
 ('013','D029','471',14.00000,6.50000),
 ('013','D296','362',14.00000,8.15000),
 ('013','D321','056',10.00000,1.65000),
 ('013','D555','047',14.00000,12.70000),
 ('013','D742','364',14.00000,3.25000),
 ('013','E098','087',10.00000,1.95000),
 ('013','E409','228',10.00000,1.30000),
 ('013','F342','300',10.00000,6.20000),
 ('013','F823','332',10.00000,1.65000),
 ('013','G001','071',10.00000,1.30000),
 ('013','G202','031',14.00000,6.50000),
 ('013','G430','312',10.00000,2.95000),
 ('013','H510','316',10.00000,1.95000),
 ('014','001-2','455',10.00000,1.15000),
 ('014','012-V','212',10.00000,1.70000),
 ('014','027-V','372',10.00000,1.45000),
 ('014','067-V','384',10.00000,2.00000),
 ('014','082-V','297',10.00000,1.15000),
 ('014','103-2','023',10.00000,1.05000),
 ('014','117-V','013',10.00000,1.70000),
 ('014','118-V','467',10.00000,1.15000),
 ('014','162-V','228',10.00000,1.15000),
 ('014','195-1','478',10.00000,0.55000),
 ('014','201-V','390',10.00000,2.00000),
 ('014','209-V','068',10.00000,1.70000),
 ('014','255-1','050',10.00000,0.35000),
 ('014','257-V','164',10.00000,1.45000),
 ('014','263-V','054',10.00000,1.70000),
 ('014','264-V','351',10.00000,1.45000),
 ('014','273-2','398',10.00000,0.55000),
 ('014','281-2','102',10.00000,0.55000),
 ('014','286-V','087',10.00000,1.70000),
 ('014','300-V','071',10.00000,1.15000),
 ('014','327-1','147',10.00000,0.45000),
 ('014','335-V','438',10.00000,1.70000),
 ('014','362-V','311',10.00000,1.45000),
 ('014','365-V','157',10.00000,0.30000),
 ('014','393-V','056',10.00000,1.45000),
 ('014','397-V','363',10.00000,2.55000),
 ('014','400-2','380',10.00000,0.55000),
 ('014','408-V','316',10.00000,1.70000),
 ('014','471-2','035',10.00000,0.55000),
 ('014','498-1','123',10.00000,0.35000),
 ('019','ACMO','082',14.00000,2.10000),
 ('019','ACON','175',14.00000,1.80000),
 ('019','ALSC','425',14.00000,1.20000),
 ('019','ALTH','061',14.00000,1.20000),
 ('019','CAMP','087',14.00000,1.80000),
 ('019','CENT','080',14.00000,1.20000),
 ('019','CHRY','164',14.00000,1.50000),
 ('019','CYNO','056',14.00000,1.50000),
 ('019','DELP','212',14.00000,1.80000),
 ('019','DIAN','438',14.00000,1.80000),
 ('019','ERYN','013',14.00000,1.80000),
 ('019','EUPH','372',14.00000,1.50000),
 ('019','GEUM','316',14.00000,1.80000),
 ('019','GYPS','363',14.00000,2.70000),
 ('019','HELI','467',14.00000,1.20000),
 ('019','KNIP','486',14.00000,2.10000),
 ('019','LAMI','071',14.00000,1.20000),
 ('019','LUPI','089',14.00000,1.50000),
 ('019','MATR','234',14.00000,1.80000),
 ('019','PAEO','078',14.00000,2.70000),
 ('019','POTE','067',14.00000,1.35000),
 ('019','ROSM','207',14.00000,1.20000),
 ('020','001','470',7.00000,0.65000),
 ('020','047','361',7.00000,0.65000),
 ('020','066','253',7.00000,0.10000),
 ('020','103','036',7.00000,1.15000),
 ('020','162','468',7.00000,0.50000),
 ('020','195','184',7.00000,0.10000),
 ('020','209','123',7.00000,0.40000),
 ('020','210','434',7.00000,0.50000),
 ('020','257','266',7.00000,0.65000),
 ('020','263','169',7.00000,0.05000),
 ('020','281','126',7.00000,2.45000),
 ('020','362','383',7.00000,0.65000),
 ('020','393','147',7.00000,0.50000),
 ('020','471','143',7.00000,1.00000),
 ('020','498','314',7.00000,0.50000),
 ('021','AZA','103',10.00000,8.75000),
 ('021','BRE','364',10.00000,2.50000),
 ('021','FOR','108',10.00000,2.75000),
 ('021','HUL','408',10.00000,11.25000),
 ('021','KOR','117',10.00000,2.75000),
 ('021','LIG','210',10.00000,0.20000),
 ('021','MAG','195',10.00000,7.25000),
 ('021','OLI','471',10.00000,5.00000),
 ('021','PEP','397',10.00000,7.50000),
 ('021','ROD','001',10.00000,9.75000),
 ('021','SER','012',10.00000,9.75000),
 ('021','TOV','263',10.00000,16.00000),
 ('021','VUU','019',10.00000,2.50000),
 ('021','ZUU','242',10.00000,1.75000),
 ('022','B-003','393',14.00000,5.15000),
 ('022','B-011','286',14.00000,12.15000),
 ('022','B-034','281',14.00000,6.75000),
 ('022','B-076','039',14.00000,2.45000),
 ('022','B-104','028',14.00000,22.95000),
 ('022','E-002','335',10.00000,2.95000),
 ('022','E-003','365',10.00000,0.80000),
 ('022','S-015','210',14.00000,0.20000),
 ('022','S-077','471',14.00000,5.40000),
 ('022','S-118','103',14.00000,9.45000),
 ('022','S-154','364',14.00000,2.70000),
 ('034','ACMO','082',14.00000,2.15000),
 ('034','ALTH','061',14.00000,1.25000),
 ('034','ANCE','462',14.00000,1.25000),
 ('034','ANEM','390',14.00000,2.15000),
 ('034','ANGR','224',14.00000,1.25000),
 ('034','ANTI','468',14.00000,0.50000),
 ('034','AQUI','153',14.00000,1.55000),
 ('034','ARDR','105',14.00000,1.25000),
 ('034','BEGO','123',14.00000,0.40000),
 ('034','CAMP','087',14.00000,1.85000),
 ('034','CHEI','074',14.00000,1.10000),
 ('034','CHMA','164',14.00000,1.55000),
 ('034','CORT','300',14.00000,5.90000),
 ('034','CYNO','398',14.00000,0.60000),
 ('034','DELP','212',14.00000,1.85000),
 ('034','ECHI','024',14.00000,1.85000),
 ('034','ERYN','013',14.00000,1.85000),
 ('034','HEDE','427',14.00000,4.65000),
 ('034','LUPI','089',14.00000,1.55000),
 ('034','OCBA','120',14.00000,1.25000),
 ('034','PAPA','285',14.00000,3.10000),
 ('034','PARH','380',14.00000,0.60000),
 ('034','PHLO','143',14.00000,0.95000),
 ('034','PRIM','455',14.00000,1.25000),
 ('034','RUSC','319',14.00000,1.25000),
 ('034','SALV','391',14.00000,1.25000),
 ('034','TAGE','050',14.00000,0.35000),
 ('034','TULI','469',14.00000,0.25000),
 ('034','VIOL','157',14.00000,0.30000),
 ('034','VITI','031',14.00000,6.20000),
 ('034','WIST','253',14.00000,0.05000),
 ('035','ST1P1','089',10.00000,1.65000),
 ('035','ST1P3','311',10.00000,1.65000),
 ('035','ST1P4','130',10.00000,1.30000),
 ('035','ST1P6','061',10.00000,1.30000),
 ('035','ST1P8','428',10.00000,2.95000),
 ('035','ST1P9','285',10.00000,3.30000),
 ('035','ST2P1','467',10.00000,1.30000),
 ('035','ST2P2','054',10.00000,2.00000),
 ('035','ST2P3','082',10.00000,2.30000),
 ('035','ST2P5','205',10.00000,2.95000),
 ('035','ST2P6','068',10.00000,2.00000),
 ('035','ST3P1','180',10.00000,4.30000),
 ('035','ST3P2','427',10.00000,4.95000),
 ('035','ST3P5','296',10.00000,1.30000),
 ('035','ST4P1','320',10.00000,7.90000),
 ('035','ST4P2','283',10.00000,3.30000),
 ('035','ST4P5','190',10.00000,0.85000),
 ('035','ST4P6','042',10.00000,3.30000);
/*!40000 ALTER TABLE `offertes` ENABLE KEYS */;


--
-- Definition of table `planten`
--

DROP TABLE IF EXISTS `planten`;
CREATE TABLE `planten` (
  `ART_CODE` varchar(3) DEFAULT NULL,
  `PLANTENNM` varchar(16) DEFAULT NULL,
  `SOORT` varchar(7) DEFAULT NULL,
  `KLEUR` varchar(7) DEFAULT NULL,
  `HOOGTE` smallint(5) DEFAULT NULL,
  `BL_B` smallint(5) DEFAULT NULL,
  `BL_E` smallint(5) DEFAULT NULL,
  `PRIJS` double(15,5) DEFAULT NULL,
  KEY `ART_CODE` (`ART_CODE`)
) ENGINE=InnoDB DEFAULT CHARSET=latin1;

--
-- Dumping data for table `planten`
--

/*!40000 ALTER TABLE `planten` DISABLE KEYS */;
INSERT INTO `planten` (`ART_CODE`,`PLANTENNM`,`SOORT`,`KLEUR`,`HOOGTE`,`BL_B`,`BL_E`,`PRIJS`) VALUES 
 ('123','BEGONIA','1-JARIG','ROOD',15,6,9,0.65000),
 ('427','KLIMOP','KLIM',NULL,0,0,0,7.50000),
 ('164','MARGRIET','VAST','WIT',70,6,8,2.50000),
 ('320','WATERLELIE','WATER','WIT',0,0,0,12.00000),
 ('089','LUPINE','VAST','GEMENGD',100,6,7,2.50000),
 ('498','JENEVERBES','BOOM',NULL,250,0,0,6.50000),
 ('312','LISDODDE','WATER','GEEL',200,8,9,4.50000),
 ('361','RIDDERSPOOR','1-JARIG','GEMENGD',50,7,8,1.00000),
 ('471','OLIJFWILG','HEESTER','GEEL',400,9,10,10.00000),
 ('420','GOUDEN REGEN','BOOM','GEEL',600,5,5,22.00000),
 ('066','DWERGCYPRES','BOOM',NULL,500,0,0,13.50000),
 ('283','WATERHYACINT','WATER','BLAUW',0,6,9,5.00000),
 ('486','VUURPIJL','VAST','ROOD',120,6,9,3.50000),
 ('013','KRUISDISTEL','VAST','BLAUW',75,6,7,3.00000),
 ('242','ZUURBES','HEESTER','ORANJE',300,5,6,3.50000),
 ('212','RIDDERSPOOR','VAST','LILA',150,6,7,3.00000),
 ('028','LINDE','BOOM','GEEL',4000,7,8,42.50000),
 ('067','GANZERIK','VAST','ROOD',25,6,9,2.25000),
 ('437','MUNT','KRUID','PAARS',40,8,8,2.00000),
 ('266','KORENBLOEM','1-JARIG','GEMENGD',80,7,8,1.00000),
 ('082','BEREKLAUW','VAST','WIT',100,7,9,3.50000),
 ('296','PETERSELIE','KRUID',NULL,25,0,0,2.00000),
 ('372','WOLFSMELK','VAST','GEEL',60,4,4,2.50000),
 ('095','VIOLIER','1-JARIG','GEMENGD',60,6,8,1.00000),
 ('047','ZILVERSPAR','BOOM',NULL,3000,0,0,19.50000),
 ('469','TULP','BOL','GEEL',30,4,6,0.40000),
 ('300','PAMPUSGRAS','VAST','WIT',300,9,10,9.50000),
 ('175','MONNIKSKAP','VAST','VIOLET',120,8,9,3.00000),
 ('428','KALMOES','WATER',NULL,90,0,0,4.50000),
 ('316','NAGELKRUID','VAST','ORANJE',50,7,8,3.00000),
 ('117','KORNOELJE','HEESTER','GEEL',300,5,0,5.50000),
 ('397','PEPERBOOMPJE','HEESTER','ROZE',125,2,3,15.00000),
 ('207','ROZEMARIJN','KRUID','BLAUW',150,5,5,2.00000),
 ('074','MUURBLOEM','2-JARIG','BRUIN',50,4,5,1.80000),
 ('462','KERVEL','KRUID','WIT',30,0,0,2.00000),
 ('184','IRIS','BOL','BLAUW',100,5,7,0.14000),
 ('019','VUURDOORN','HEESTER','WIT',0,6,6,5.00000),
 ('012','SERING','HEESTER','PAARS',500,5,6,19.50000),
 ('001','RODODENDRON','HEESTER','ROOD',125,5,7,19.50000),
 ('042','CYPERGRAS','WATER',NULL,100,0,0,5.00000),
 ('332','BLAASJESKRUID','WATER','GEEL',0,7,8,2.50000),
 ('365','DOPHEIDE','HEIDE','ROOD',35,6,9,1.50000),
 ('335','BOOMHEIDE','HEIDE','ROZE',150,7,9,5.50000),
 ('286','TULPEBOOM','BOOM','GEEL',2000,6,7,22.50000),
 ('209','MEIDOORN','BOOM','ROZE',700,5,5,19.50000),
 ('425','BIESLOOK','KRUID','PAARS',20,7,8,2.00000),
 ('061','STOKROOS','VAST','ROOD',250,6,9,2.00000),
 ('200','ACACIA','BOOM','WIT',2500,6,6,17.50000),
 ('468','LEEUWEBEKJE','1-JARIG','GEMENGD',50,7,8,0.80000),
 ('393','JUDASBOOM','BOOM','ROZE',800,5,5,9.50000),
 ('234','KAMILLE','VAST','WIT',70,6,7,3.00000),
 ('050','AFRIKAANTJE','1-JARIG','GEEL',25,7,10,0.60000),
 ('390','ANEMOON','VAST','ROZE',50,8,10,3.50000),
 ('195','MAGNOLIA','HEESTER','WIT',1000,4,5,14.50000),
 ('153','AKELEI','VAST','BLAUW',60,5,7,2.50000),
 ('210','LIGUSTER','HEESTER','WIT',200,7,7,0.40000),
 ('314','CHRYSANT','1-JARIG','GEEL',80,6,8,0.80000),
 ('285','KLAPROOS','VAST','ROOD',70,5,6,3.00000),
 ('120','BASILICUM','KRUID','WIT',50,8,9,2.00000),
 ('054','BOTERBLOEM','VAST','WIT',50,5,6,3.00000),
 ('255','WINTERHEIDE','HEIDE','WIT',20,2,4,2.00000),
 ('024','KOGELDISTEL','VAST','BLAUW',175,6,7,3.00000),
 ('023','KLOKJESBLOEM','2-JARIG','BLAUW',70,6,8,1.80000),
 ('364','BREM','HEESTER','GEEL',150,4,7,5.00000),
 ('126','SIERUI','BOL','BLAUW',75,6,8,3.75000),
 ('178','LIJSTERBES','BOOM','WIT',500,5,5,7.50000),
 ('080','KORENBLOEM','VAST','BLAUW',80,7,8,2.00000),
 ('351','TIJM','KRUID','PAARS',10,6,6,2.50000),
 ('180','BOSRANK','KLIM','PAARS',300,7,9,6.50000),
 ('408','HULST','HEESTER',NULL,700,0,0,22.50000),
 ('104','ESDOORN','BOOM','GROEN',2500,6,6,17.50000),
 ('262','PASSIEBLOEM','KLIM','BLAUW',0,6,9,9.50000),
 ('363','GIPSKRUID','VAST','WIT',90,7,8,4.50000),
 ('130','VINGERHOEDSKRUID','VAST','GEMENGD',0,6,8,2.00000),
 ('297','MAJORAAN','KRUID','PAARS',30,7,8,2.00000),
 ('169','KROKUS','BOL','WIT',15,2,3,0.10000),
 ('205','DOTTERBLOEM','WATER','GEEL',30,4,6,4.50000),
 ('257','BERK','BOOM',NULL,2000,0,0,7.50000),
 ('068','DAGLELIE','VAST','ROOD',80,6,8,3.00000),
 ('190','KIKKERBEET','WATER','WIT',0,7,8,1.25000),
 ('470','GIPSKRUID','1-JARIG','WIT',50,6,7,1.00000),
 ('327','STRUIKHEIDE','HEIDE','GEMENGD',30,6,8,2.00000),
 ('102','JUDASPENNING','2-JARIG','LILA',70,5,7,1.00000),
 ('162','AZIJNBOOM','BOOM','ROOD',0,6,7,9.50000),
 ('311','LEVERKRUID','VAST','PAARS',175,8,9,2.50000),
 ('108','FORSYTHIA','HEESTER','GEEL',250,3,4,5.50000),
 ('434','PETUNIA','1-JARIG','ROZE',25,7,10,0.80000),
 ('426','ALYSSUM','1-JARIG','PAARS',10,6,9,0.60000),
 ('398','HONDSTONG','2-JARIG','BLAUW',30,5,6,1.00000),
 ('143','VLAMBLOEM','1-JARIG','GEMENGD',30,7,8,1.50000),
 ('228','ENGELS GRAS','VAST','ROOD',20,0,0,2.00000),
 ('391','SALIE','KRUID','VIOLET',100,6,7,2.00000),
 ('362','SPAR','BOOM',NULL,3000,0,0,12.50000),
 ('380','KLAPROOS','2-JARIG','GEMENGD',40,6,6,1.00000),
 ('039','POPULIER','BOOM','WIT',1000,3,4,4.50000),
 ('056','HONDSTONG','VAST','BLAUW',30,6,8,2.50000),
 ('455','SLEUTELBLOEM','2-JARIG','GEMENGD',25,4,5,2.00000),
 ('383','DAHLIA','1-JARIG','GEMENGD',40,8,10,1.00000),
 ('253','BLAUW DRUIFJE','BOL','BLAUW',20,2,6,0.12000),
 ('078','PIOEN','VAST','ROOD',50,6,7,4.50000),
 ('031','WIJNSTOK','KLIM',NULL,600,0,0,10.00000),
 ('157','VIOOLTJE','2-JARIG','GEMENGD',15,3,8,0.50000),
 ('087','KLOKJESBLOEM','VAST','BLAUW',90,6,8,3.00000),
 ('035','VIOLIER','2-JARIG','GEMENGD',60,6,7,1.00000),
 ('071','DOVENETEL','VAST','GEEL',25,4,5,2.00000),
 ('105','DRAGON','KRUID','WIT',100,8,9,2.00000),
 ('103','AZALEA','HEESTER','ORANJE',200,4,5,17.50000),
 ('478','KLAPROOS','1-JARIG','GEMENGD',35,6,9,1.00000),
 ('281','BEUK','BOOM','GROEN',3000,4,5,12.50000),
 ('147','ASTER','1-JARIG','GEMENGD',50,7,10,0.75000),
 ('224','DILLE','KRUID','GEEL',90,7,8,2.00000),
 ('263','TOVERHAZELAAR','HEESTER','GEEL',500,1,2,32.00000),
 ('467','ZONNEBLOEM','VAST','GEEL',150,8,9,2.00000),
 ('384','VUURWERKPLANT','VAST','ROZE',150,6,7,3.50000),
 ('036','ZONNEBLOEM','1-JARIG','GEEL',150,8,10,1.80000),
 ('319','ZURING','KRUID','ROOD',70,6,6,2.00000),
 ('438','ANJER','VAST','WIT',40,6,8,3.00000),
 ('027','PAARDEKASTANJE','BOOM','WIT',2500,5,5,17.50000),
 ('422','WOLGRAS','WATER','WIT',30,5,6,3.50000);
/*!40000 ALTER TABLE `planten` ENABLE KEYS */;


--
-- Definition of table `plschema`
--

DROP TABLE IF EXISTS `plschema`;
CREATE TABLE `plschema` (
  `CATEGORIE` varchar(10) DEFAULT NULL,
  `HOOGTE1` double(15,5) DEFAULT NULL,
  `HOOGTE2` double(15,5) DEFAULT NULL,
  `AFSTAND` double(15,5) DEFAULT NULL
) ENGINE=InnoDB DEFAULT CHARSET=latin1;

--
-- Dumping data for table `plschema`
--

/*!40000 ALTER TABLE `plschema` DISABLE KEYS */;
INSERT INTO `plschema` (`CATEGORIE`,`HOOGTE1`,`HOOGTE2`,`AFSTAND`) VALUES 
 ('LAAG',5.00000,15.00000,20.00000),
 ('MIDDEN',16.00000,60.00000,30.00000),
 ('ACHTER-L',61.00000,100.00000,45.00000),
 ('ACHTER-H',101.00000,150.00000,60.00000),
 ('SCHEIDING',151.00000,300.00000,85.00000),
 ('BOMEN',301.00000,4000.00000,400.00000);
/*!40000 ALTER TABLE `plschema` ENABLE KEYS */;




/*!40101 SET SQL_MODE=@OLD_SQL_MODE */;
/*!40014 SET FOREIGN_KEY_CHECKS=@OLD_FOREIGN_KEY_CHECKS */;
/*!40014 SET UNIQUE_CHECKS=@OLD_UNIQUE_CHECKS */;
/*!40101 SET CHARACTER_SET_CLIENT=@OLD_CHARACTER_SET_CLIENT */;
/*!40101 SET CHARACTER_SET_RESULTS=@OLD_CHARACTER_SET_RESULTS */;
/*!40101 SET COLLATION_CONNECTION=@OLD_COLLATION_CONNECTION */;
/*!40101 SET CHARACTER_SET_CLIENT=@OLD_CHARACTER_SET_CLIENT */;
